id,question,context,answer
1,"After estrus synchronization, breeding does show clear estrus expression, but conception rates are inconsistent and early pregnancy loss is frequently observed. During reproductive management optimization, which physiological limitation should be prioritized?",Breeding & Reproduction,"When estrus expression is normal in breeding does but conception rates remain unstable with frequent early embryonic loss, a common underlying limitation is inadequate luteal development following ovulation, leading to insufficient progesterone secretion. In goats, inadequate luteal support compromises uterine stability and reduces the capacity of the uterine environment to sustain early embryonic development, thereby increasing the risk of early pregnancy failure. Therefore, reproductive management should prioritize improving luteal function in does through appropriate hormonal protocols, nutritional support, and mitigation of physiological stress to stabilize early pregnancy."
2,"Breeding does are exposed to high ambient temperatures during the breeding period and show normal estrus expression, yet conception is delayed. Which physiological limitation should be considered when designing reproductive strategies?",Breeding & Reproduction,"Heat stress disrupts ovarian function, endocrine balance, and early embryonic development in goats, even when external estrus behavior appears normal. During the first few days after mating, goat embryos are highly sensitive to maternal body temperature. Under heat stress, blood flow is preferentially redirected to peripheral tissues for thermoregulation, reducing uterine perfusion and compromising the uterine microenvironment. This can result in elevated uterine temperature and insufficient nutrient supply, ultimately reducing embryo survival. Therefore, reproductive strategies in goats must incorporate heat stress management to improve conception success."
3,"Following synchronization, breeding does do not return to estrus, yet overall pregnancy rates remain low. Which underlying reproductive limitation should be prioritized for evaluation?",Breeding & Reproduction,"When breeding does fail to return to estrus yet pregnancy rates remain low, the underlying limitation is often early embryonic loss rather than failure of ovulation. In goats, inadequate luteal function or insufficient progesterone support can allow short-term luteal persistence even after embryonic mortality, delaying luteolysis and masking pregnancy failure at the behavioral level. As a result, does may not exhibit estrus return despite unsuccessful establishment of pregnancy. Therefore, reproductive evaluation should prioritize assessment of luteal competence and early pregnancy support, rather than relying solely on estrus return as an indicator of reproductive success."
4,"After synchronized mating, breeding does show no obvious return to estrus, yet herd-level pregnancy rates remain suboptimal. Which reproductive constraint should be considered during management review?",Breeding & Reproduction,"In the absence of estrus return but with suboptimal pregnancy rates, a common constraint is temporal asynchrony between embryo development and uterine receptivity. In goats, if the uterine environment has not reached a physiologically receptive state at the time of embryo arrival, embryonic development may cease even when ovulation and mating timing were appropriate. This embryoterus mismatch reduces implantation success without triggering immediate behavioral estrus. Therefore, reproductive management should evaluate whether synchronization protocols adequately align uterine preparation with embryonic developmental stage."
5,"Breeding does show acceptable conception rates, yet kidding distribution becomes increasingly uneven across the season. Which reproductive limitation should be prioritized?",Breeding & Reproduction,"Uneven kidding distribution despite acceptable conception rates often reflects variability in ovulatory response and early embryonic survival among does. In goats, differences in follicular dynamics and luteal competence can shift the timing of successful pregnancy establishment, causing pregnancies to cluster later in the breeding season. This temporal dispersion increases management complexity and reduces uniformity of kid output. Therefore, reproductive management should prioritize reducing variability in ovulatory response and early pregnancy maintenance rather than focusing solely on average conception rate."
6,"Breeding does conceive successfully, but subsequent pregnancy losses occur disproportionately during early gestation. Which physiological constraint should be prioritized?",Breeding & Reproduction,"Early gestational losses following successful conception often reflect insufficient uterine support rather than fertilization failure. In goats, inadequate progesterone secretion or impaired uterine receptivity during early gestation compromises embryonic development before placental establishment. These losses may occur without overt clinical signs, masking the underlying limitation. Therefore, reproductive management should prioritize evaluation of luteal function and uterine environment during early pregnancy rather than focusing solely on conception metrics."
7,"Breeding does exhibit normal estrus expression and acceptable conception rates, yet overall kidding rates remain lower than expected. Which reproductive limitation should be prioritized?",Breeding & Reproduction,"When estrus expression and conception appear normal but kidding rates are reduced, the limitation often lies in pregnancy maintenance rather than fertilization. In goats, early to mid-gestational losses can occur due to inadequate luteal support or compromised uterine capacity during the transition from embryonic to placental dependence. These losses reduce the number of pregnancies carried to term without affecting initial conception metrics. Therefore, reproductive management should prioritize factors influencing pregnancy maintenance rather than focusing solely on estrus detection or conception rates."
8,"Breeding does conceive successfully, but gestation lengths vary widely, complicating kidding management. Which reproductive factor should be prioritized?",Breeding & Reproduction,"Wide variation in gestation length often reflects differences in fetal development rates and placental efficiency rather than inaccuracies in breeding records. In goats, variability in uterine environment and nutrient supply can influence fetal growth trajectories, leading to altered gestation duration. This variability complicates prediction of kidding dates and resource allocation. Therefore, reproductive management should prioritize stabilizing maternal conditions during gestation rather than focusing solely on breeding date accuracy."
9,"Breeding does exhibit acceptable conception rates, yet litter size per kidding gradually declines over successive breeding cycles. Which reproductive limitation should be prioritized?",Breeding & Reproduction,"A gradual decline in litter size despite acceptable conception rates often reflects compromised ovulatory output or early embryonic survival rather than fertilization failure. In goats, subtle reductions in follicular recruitment, ovulation rate, or peri-implantation embryo viability can reduce the number of embryos successfully maintained to term without affecting the likelihood of conception itself. Over successive cycles, this manifests as smaller litter sizes. Therefore, reproductive management should prioritize factors influencing ovulation quality and early embryonic maintenance rather than focusing solely on conception metrics."
10,"Breeding does show synchronized estrus and timely mating, yet variability in kidding dates increases across the herd. Which reproductive limitation should be prioritized?",Breeding & Reproduction,"Increased variability in kidding dates despite synchronized estrus often reflects heterogeneity in ovulation timing and early embryonic development among does. In goats, individual variation in follicular dynamics and luteal function can shift the onset of effective pregnancy establishment, resulting in dispersed parturition timing. This variability complicates management and reduces batch uniformity. Therefore, reproductive management should prioritize reducing individual variability in ovulatory response rather than focusing solely on estrus synchronization protocols."
11,"Following rapid replacement of breeding does with younger animals, herd-level reproductive performance becomes unstable. Which factor should be prioritized?",Breeding & Reproduction,"Instability following rapid herd rejuvenation reflects transitional effects of altered age structure rather than inherent deficiencies of younger does. In goats, younger breeding does differ from mature does in physiological maturity, social status, and maternal competence, which increases variability in reproductive outcomes during the transition period. As the herd structure stabilizes, performance typically recovers. Therefore, reproductive management should account for transitional age-structure effects rather than attributing instability to individual reproductive failure."
12,"Several lactating does exhibit reduced milk yield, with firm and warm udders, but without obvious systemic illness. In addition to pharmacological treatment, which management measure should be prioritized?",Health & Disease Control,"Localized heat and firmness of the udder accompanied by reduced milk yield in lactating does indicate inflammatory changes within the mammary gland, commonly associated with incomplete milk removal. Milk retention promotes accumulation of the Feedback Inhibitor of Lactation (FIL), which suppresses milk synthesis in goats, while retained milk also provides a favorable medium for bacterial proliferation that can exacerbate inflammation. In addition, mammary swelling impairs local blood circulation, reducing the efficiency of immune cell infiltration. Therefore, management should prioritize increasing milking frequency, ensuring complete milk evacuation, improving milking hygiene, and adjusting milking order to prevent pathogen transmission and facilitate udder recovery."
13,"Pre-weaning kids develop recurrent diarrhea shortly after regrouping, despite adequate colostrum intake. Which management factor should be prioritized to reduce disease incidence?",Health & Disease Control,"When diarrhea occurs in pre-weaning kids after regrouping despite sufficient colostrum intake, the primary drivers are increased environmental contamination and stress-induced immune suppression. Regrouping elevates exposure to enteric pathogens while simultaneously reducing immune resilience. Therefore, improving hygiene, maintaining dry bedding, increasing cleaning frequency, avoiding equipment sharing between groups, and minimizing regrouping-related stress are critical to reducing enteric disease incidence in goat kids, rather than focusing solely on passive immunity."
14,Goats exhibit intermittent health disturbances that do not meet clinical disease thresholds but are associated with reduced productivity. Which limitation should be prioritized in herd health evaluation?,Health & Disease Control,"Intermittent productivity losses in the absence of overt clinical disease often indicate subclinical physiological stress or low-grade inflammatory states in goats. These conditions increase metabolic costs associated with immune activation and stress adaptation, diverting energy and nutrients away from productive processes such as growth, reproduction, or lactation. Although clinical thresholds are not exceeded, the cumulative metabolic burden reduces overall efficiency. Therefore, herd health evaluation should prioritize identification and mitigation of chronic subclinical stressors rather than focusing exclusively on clinically apparent disease events."
15,"Despite routine health interventions, goats continue to show variable performance across production stages. Which health-related limitation should be considered?",Health & Disease Control,"Persistent performance variability despite routine health interventions suggests a mismatch between intervention timing and stage-specific physiological vulnerability. In goats, susceptibility to disease and stress differs across production stages, and interventions applied outside critical risk windows may fail to prevent downstream productivity losses. When preventive measures are not aligned with periods of highest biological sensitivity, their effectiveness is diluted despite consistent application. Therefore, health management should prioritize synchronization of interventions with production-stage-specific risk profiles rather than increasing the frequency or intensity of treatments."
16,Goats experience recurrent mild health disturbances that do not progress to clinical disease but coincide with reduced reproductive efficiency. Which health-related limitation should be considered?,Health & Disease Control,"Recurrent subclinical health disturbances often indicate ongoing immune activation that imposes a chronic metabolic burden. In goats, sustained low-level immune responses increase maintenance energy requirements and interfere with endocrine signaling involved in reproduction. Although clinical disease does not manifest, the persistent diversion of resources away from reproductive processes reduces fertility outcomes. Therefore, herd health assessment should prioritize identification of chronic inflammatory or immune challenges rather than focusing exclusively on acute disease events."
17,"Despite low mortality rates, a goat herd shows reduced lifetime productivity per doe. Which health-related limitation should be considered?",Health & Disease Control,"Reduced lifetime productivity in the absence of high mortality often reflects cumulative effects of repeated subclinical challenges. In goats, recurring minor health stressors increase maintenance energy demands and shorten productive lifespan by accelerating physiological wear. Although animals survive, their long-term reproductive and productive capacity declines. Therefore, herd health management should prioritize minimizing chronic subclinical stressors rather than focusing exclusively on survival metrics."
18,Goats show reduced productivity following mild disease challenges that resolve without treatment. Which health-related limitation should be considered?,Health & Disease Control,"Performance decline under variable environmental conditions often reflects limited adaptive buffering within the management system rather than facility design flaws. In goats, rapid fluctuations in temperature, humidity, or airflow disrupt behavioral routines and elevate physiological stress responses. When management practices fail to buffer these fluctuations, stress exposure accumulates over time, increasing maintenance energy expenditure and reducing productive efficiency. Therefore, management should prioritize stabilizing the microenvironment and buffering environmental variability rather than assuming structural adequacy alone ensures consistent performance."
19,Goats exposed to repeated minor stressors show gradual declines in reproductive performance. Which health-related limitation should be considered?,Health & Disease Control,"Repeated minor stressors induce chronic activation of stress-response pathways in goats, leading to sustained elevation of maintenance energy demands and hormonal disruption. Over time, this chronic stress suppresses reproductive endocrine function and reduces fertility, even in the absence of overt disease. Because the effect is cumulative, reproductive decline develops gradually rather than abruptly. Therefore, herd health management should prioritize reduction of chronic stress exposure rather than focusing solely on acute disease prevention."
20,"A goat herd shows normal survival rates, yet average productive lifespan per doe is shorter than expected. Which health-related limitation should be considered?",Health & Disease Control,"A shortened productive lifespan in the absence of elevated mortality often reflects cumulative physiological strain from repeated subclinical health challenges. In goats, chronic low-grade inflammation and recurrent minor stressors accelerate functional decline, reducing the number of productive reproductive cycles a doe can sustain. Although animals remain alive, their productive capacity diminishes prematurely. Therefore, herd health management should prioritize reducing cumulative subclinical health burdens rather than focusing solely on survival outcomes."
21,"During periods of high rainfall, a goat housing system experiences an increase in respiratory disease despite unchanged stocking density. Which housing-related factor should be prioritized for improvement?",Management & Housing,"Increased respiratory disease in goats under high-humidity conditions is commonly associated with inadequate ventilation and accumulation of ammonia within the housing environment. High humidity favors the persistence of respiratory pathogens, while ammonia released from manure decomposition damages the respiratory ciliary system, weakening airway defense mechanisms in goats. This combination increases pathogen load and compromises respiratory health. Therefore, improving ventilation efficiency and controlling internal humidity should be prioritized to reduce respiratory disease risk, rather than focusing solely on stocking density."
22,Goats housed in enclosed barns display more stress-related behaviors than those in open housing systems. Which housing improvement should be prioritized to enhance animal welfare?,Management & Housing,"Increased stress-related behavior in goats housed in enclosed barns is commonly associated with restricted airflow and insufficient environmental enrichment. Goats are behaviorally adapted to climbing and occupying elevated spaces; therefore, flat and monotonous environments increase psychological stress. Providing vertical structures such as platforms, increasing environmental complexity, and ensuring effective ventilation reduce social tension, limit stereotypic behaviors, and support both behavioral and physiological welfare in goats."
23,Goats housed under uniform structural conditions display variable productivity across pens. Which management-related limitation should be prioritized?,Management & Housing,"When housing structures are uniform but productivity varies among pens, the limitation often lies in microenvironmental differences rather than physical design. In goats, small variations in airflow, moisture accumulation, or social dynamics can significantly influence stress levels and resource access. These subtle environmental differences accumulate over time and translate into measurable production variability. Therefore, management evaluation should focus on microenvironment consistency rather than structural uniformity alone."
24,"In group-housed goats, productivity declines as group size increases, even when stocking density remains unchanged. Which factor should be prioritized for management review?",Management & Housing,"Increasing group size alters social dynamics independent of stocking density. In goats, larger groups intensify social competition and reduce individual access to feed and resting areas, particularly for subordinate animals. This social stress increases energy expenditure and reduces effective nutrient intake, ultimately impairing productivity. Therefore, management should prioritize evaluation of group size effects on social behavior rather than focusing solely on physical space allowance."
25,"Productivity varies between pens within the same goat barn, despite identical structural design and stocking density. Which management factor should be prioritized?",Management & Housing,"Productivity differences among pens within the same barn often arise from microenvironmental variation rather than structural design. In goats, small differences in airflow patterns, moisture accumulation, or social interactions can alter chronic stress levels and individual access to feed and resting areas, particularly for subordinate animals. These subtle but persistent differences increase maintenance energy expenditure and reduce effective nutrient utilization, which gradually translates into measurable production variation. Therefore, management should prioritize standardization of microenvironmental conditions across pens rather than modifying housing structure."
26,"Goats in newly established housing facilities initially perform well, but productivity declines over time. Which management factor should be prioritized?",Management & Housing,"Productivity decline in new facilities over time often reflects gradual deterioration of environmental quality rather than structural inadequacy. In goats, accumulation of moisture, waste residues, and social stress can progressively degrade the housing microenvironment, increasing physiological stress. These changes are subtle and cumulative, making them easy to overlook. Therefore, management should prioritize ongoing environmental maintenance rather than assuming new infrastructure alone ensures sustained performance."
27,Goats housed in well-designed facilities exhibit declining performance during periods of high environmental variability. Which management limitation should be prioritized?,Management & Housing,"Performance decline under variable environmental conditions often reflects limited adaptive capacity within the management system rather than facility design flaws. In goats, rapid fluctuations in temperature, humidity, or airflow increase physiological stress and disrupt behavioral routines. When management practices do not buffer these fluctuations, stress responses accumulate and reduce productivity. Therefore, management should prioritize environmental stabilization strategies rather than assuming structural adequacy alone ensures consistent performance."
28,Productivity declines in goat groups where social stability is frequently disrupted. Which management factor should be prioritized?,Management & Housing,"Frequent disruption of social stability increases competition and stress within goat groups. In goats, repeated changes in group composition elevate aggressive interactions and reduce access to feed and resting areas for subordinate animals. This social stress increases energy expenditure and reduces effective nutrient intake, ultimately impairing productivity. Therefore, management should prioritize maintaining social stability rather than repeatedly reorganizing group structure."
29,Goats housed under consistent physical conditions show declining feed intake over time without changes in diet formulation. Which management limitation should be prioritized?,Management & Housing,"Declining feed intake under unchanged dietary conditions often reflects deterioration of the feeding environment rather than feed quality itself. In goats, factors such as feed bunk contamination, reduced accessibility due to social competition, or subtle changes in feeding area comfort increase feeding-related stress and discourage intake. Over time, these management-related constraints suppress voluntary feed consumption and reduce performance. Therefore, management should prioritize evaluation of feeding environment functionality rather than reformulating diets."
30,"Under standardized management protocols, productivity differs markedly between caretakers responsible for different goat groups. Which limitation should be prioritized?",Management & Housing,"Marked productivity differences under identical protocols indicate variability in execution rather than deficiencies in the management system itself. In goats, differences in observation accuracy, timing of interventions, and consistency of daily practices accumulate into meaningful performance disparities. These execution-level variations amplify over time and reduce the reproducibility of management outcomes. Therefore, management evaluation should prioritize improving execution consistency rather than revising protocols."
31,"Growing goats are fed diets that meet crude protein requirements, yet growth rate and feed efficiency remain suboptimal. To improve performance, which nutritional limitation should be examined?",Nutrition & Feeding,"When crude protein supply is adequate but growth performance in growing goats remains poor, the underlying limitation is often insufficient metabolizable energy, causing dietary protein to be preferentially utilized for maintenance rather than tissue accretion. In addition, poor synchronization between carbohydrate fermentation and protein degradationuch as when mature or low-quality forage is fedimits immediate energy availability for rumen microbes, thereby reducing microbial protein synthesis. Consequently, growth efficiency declines despite adequate protein intake. Therefore, improving dietary energy density and synchronizing energy and protein supply are essential to enhance growth rate and feed utilization efficiency in goats."
32,"Adult goats consume adequate amounts of a high-roughage diet, yet reproductive performance gradually declines. Which dietary limitation should be evaluated?",Nutrition & Feeding,"Under high-roughage feeding conditions, declining reproductive performance in adult goats often reflects insufficient dietary energy density rather than inadequate feed intake. Excessive fiber leads to physical rumen fill, limiting further intake and reducing the supply of digestible energy needed to support reproductive hormone synthesis and ovarian activity. In addition, monotonous roughage-based diets may lack key reproductive micronutrients such as phosphorus, selenium, and vitamin E, further impairing reproductive function. Therefore, energy density and micronutrient balance should be evaluated to restore reproductive performance in goats."
33,"Breeding does enter the breeding season with acceptable body condition scores, yet reproductive performance remains variable. Which nutritional factor should be prioritized for assessment?",Nutrition & Feeding,"Adequate body condition score does not necessarily reflect sufficient short-term nutrient availability for reproductive processes. In goats, rapid fluctuations in energy balancearticularly around the breeding periodan disrupt endocrine signaling involved in follicular development and ovulation. Even when body reserves appear adequate, insufficient dietary energy supply may impair metabolic cues essential for optimal reproductive function. Therefore, nutritional evaluation should prioritize energy balance dynamics rather than relying solely on static body condition assessments."
34,"Lactating does receive diets formulated to meet nutrient requirements, yet milk yield remains inconsistent among individuals. Which nutritional limitation should be considered?",Nutrition & Feeding,"Inconsistent milk yield among lactating does receiving similarly formulated diets often reflects variation in nutrient partitioning rather than diet composition itself. In goats, when metabolizable energy supply is marginal or poorly synchronized with protein availability, nutrients are preferentially allocated to maintenance and immune function rather than milk synthesis. Individual differences in rumen fermentation efficiency and metabolic priority further amplify this effect, leading to variable milk output among does. Therefore, nutritional management should focus on improving energy availability and nutrient synchrony at the rumen and metabolic levels, rather than assuming uniform utilization across animals."
35,"Despite similar feed intake, growing kids exhibit wide variation in growth trajectories within the same cohort. Which nutritional constraint should be evaluated?",Nutrition & Feeding,"Variation in growth trajectories among kids with similar feed intake often indicates differences in nutrient digestibility and metabolic utilization rather than intake quantity. In goats, immature rumen development and individual variation in microbial establishment can alter the efficiency of energy and protein extraction from the diet. These differences affect nutrient availability for tissue accretion and result in divergent growth patterns. Therefore, nutritional evaluation should prioritize factors influencing digestibility and rumen functional development rather than increasing feed allowance alone."
36,"High-forage diets are used to reduce feed costs, yet reproductive efficiency gradually declines in breeding does. Which nutritional limitation should be evaluated?",Nutrition & Feeding,"Gradual reproductive decline under high-forage feeding regimes often reflects chronic insufficiency of metabolizable energy rather than inadequate feed intake. In goats, excessive dietary fiber increases rumen fill and limits energy availability, creating a sustained marginal negative energy balance. Over time, this chronic energy constraint suppresses reproductive endocrine signaling, reducing gonadotropin release and ovarian activity even in the absence of overt body condition loss. Because this process develops slowly, reproductive efficiency declines progressively rather than abruptly. Therefore, nutritional management should evaluate long-term energy density and digestibility, rather than relying solely on forage quantity or short-term intake observations."
37,"Breeding does maintain stable body condition across seasons, yet reproductive performance fluctuates between breeding cycles. Which nutritional limitation should be evaluated?",Nutrition & Feeding,"Stable body condition does not necessarily reflect consistent metabolic support for reproduction. In goats, short-term fluctuations in energy and nutrient availability can disrupt endocrine signaling involved in follicular recruitment and ovulation, even when overall body reserves appear unchanged. These transient imbalances may vary between breeding cycles and lead to inconsistent reproductive outcomes. Therefore, nutritional evaluation should prioritize temporal nutrient availability rather than relying solely on body condition stability."
38,Growing goats display inconsistent feed conversion efficiency despite similar diets and management. Which nutritional limitation should be examined?,Nutrition & Feeding,"Inconsistent feed conversion efficiency often reflects variation in rumen microbial efficiency and post-absorptive nutrient utilization. In goats, differences in microbial community development and metabolic priority influence how effectively consumed nutrients are converted into tissue growth. These differences persist even under uniform feeding conditions and contribute to divergent feed efficiency outcomes. Therefore, nutritional assessment should consider factors affecting rumen function and metabolic efficiency rather than feed formulation alone."
39,"Breeding does maintain stable body condition scores, yet kid birth weights vary widely within the same kidding season. Which nutritional limitation should be evaluated?",Nutrition & Feeding,"Wide variation in kid birth weights despite stable maternal body condition indicates inconsistency in nutrient supply during late gestation rather than overall energy reserves. In goats, fetal growth during late gestation is highly sensitive to short-term fluctuations in maternal energy and protein availability. Even when body condition appears stable, transient nutritional insufficiencies can restrict placental nutrient transfer, leading to heterogeneous fetal growth. Therefore, nutritional evaluation should prioritize late-gestation nutrient adequacy rather than relying solely on body condition assessment."
40,"Goats receive mineral supplementation, yet signs consistent with mineral-related reproductive or growth issues persist. Which nutritional limitation should be evaluated?",Nutrition & Feeding,"Persistent mineral-related performance issues despite supplementation often indicate imbalanced mineral ratios rather than absolute deficiency. In goats, antagonistic interactions among minerals can impair intestinal absorption and metabolic utilization of key elements, reducing their physiological availability. As a result, functional deficiencies persist even when total intake appears sufficient. Therefore, nutritional management should prioritize evaluation of mineral balance and interactions rather than increasing supplementation levels."
41,"With a stable number of breeding does, farm production costs continue to rise while kid output does not increase accordingly. Which management efficiency issue should be prioritized to improve farm sustainability?",Production Economics & Farm Management,"When production costs increase without a corresponding rise in kid output, the most likely cause is reduced reproductive efficiency or elevated pre-weaning mortality in kids, resulting in fewer marketable kids over which fixed costs can be distributed. Under such conditions, improving kidding performance and kid survival becomes the primary leverage for enhancing economic sustainability on goat farms. Effective reproductive management of does and improved early-life management of kids increase the number of saleable animals, thereby improving cost efficiency and long-term farm viability."
42,"Despite stable feed costs, goat farm profitability declines due to inconsistent kid survival. Which management focus is most likely to improve profitability?",Production Economics & Farm Management,"Inconsistent kid survival indicates inefficiencies in periparturient and early-life management, which directly reduce the number of marketable kids available for sale. In goat production systems, fixed costs such as labor, housing, and feed for breeding does remain largely unchanged regardless of kid survival outcomes. When kid mortality increases, these fixed costs are distributed across fewer surviving animals, resulting in a disproportionate decline in overall profitability. Therefore, improving neonatal kid carey stabilizing early survival rather than increasing input costsffers the greatest leverage for enhancing economic returns. Prioritizing early-life management in goats effectively converts existing resources into saleable output, thereby improving farm profitability."
43,"A goat farm experiences stable biological performance indicators, yet economic returns remain volatile. Which management limitation should be prioritized?",Production Economics & Farm Management,"When biological performance indicators remain stable but economic returns fluctuate, the limitation often lies in the amplification of biological variability at the economic level. In goat production systems, small inconsistencies in output timing, uniformity, or market readiness can translate into disproportionate revenue fluctuations. Without mechanisms to buffer biological variationuch as coordinated production scheduling or consistent market alignmenttable biological performance does not guarantee financial stability. Therefore, farm management should prioritize reducing the economic impact of biological variability rather than further optimizing biological indicators alone."
44,"A goat farm maintains stable herd size and biological performance, yet year-to-year profitability remains inconsistent. Which management limitation should be addressed?",Production Economics & Farm Management,"Inconsistent profitability despite stable biological performance suggests inefficiencies in translating production output into predictable revenue. In goat farming, fluctuations in kid uniformity, market timing, or weight distribution can amplify minor biological variation into substantial economic instability. Without mechanisms to buffer these fluctuations, financial outcomes remain volatile. Therefore, farm management should prioritize alignment between biological output characteristics and market requirements rather than further optimizing herd-level biological indicators."
45,A goat farm increases investment in inputs but observes limited improvement in overall production efficiency. Which limitation should be prioritized for evaluation?,Production Economics & Farm Management,"Limited efficiency gains despite increased input investment suggest diminishing returns caused by underlying systemic constraints. In goat production systems, additional inputs cannot compensate for inefficiencies in biological coordination, timing, or management integration. When foundational constraints remain unaddressed, added resources yield progressively smaller benefits. Therefore, management should prioritize identification and correction of systemic bottlenecks rather than further increasing input intensity."
46,A goat farm achieves high average productivity but experiences frequent operational inefficiencies. Which management limitation should be evaluated?,Production Economics & Farm Management,"High average productivity can mask underlying operational variability within goat production systems. In practice, inconsistencies in workflow timing, labor allocation, or resource coordination create hidden inefficiencies that increase labor costs, idle time, and resource waste. These inefficiencies do not necessarily reduce biological output but amplify operational costs, thereby eroding net returns. As a result, farms may appear biologically efficient while remaining economically vulnerable. Therefore, management evaluation should prioritize identification and reduction of operational variability that amplifies costs, rather than relying solely on average productivity indicators."
47,A goat farm demonstrates stable annual output but increasing variability in monthly cash flow. Which management limitation should be addressed?,Production Economics & Farm Management,"Increasing cash flow variability despite stable annual output reflects temporal misalignment between production output and revenue realization. In goat production systems, uneven timing of kid sales, milk delivery, or market access amplifies short-term financial volatility. Without mechanisms to smooth income timing, stable biological production does not translate into stable cash flow. Therefore, farm management should prioritize synchronization of production timing with revenue streams rather than increasing total output alone."
48,"A goat farm expands herd size to increase output, yet net profitability fails to improve. Which management limitation should be evaluated?",Production Economics & Farm Management,"Failure of profitability to improve following herd expansion indicates that scale-related inefficiencies are offsetting gains in output. In goat production systems, increasing herd size without corresponding improvements in labor efficiency, housing utilization, or process coordination amplifies fixed and variable costs. As a result, additional output does not translate into proportional economic returns. Therefore, farm management should prioritize scalability of operational efficiency rather than assuming herd expansion alone will improve profitability."
49,"Multiple management issues tend to emerge simultaneously during specific periods, creating significant operational disruption. Which management limitation should be prioritized?",Production Economics & Farm Management,"Simultaneous emergence of multiple issues indicates accumulation and synchronization of unmanaged risks rather than independent failures. In goat production systems, early warning signs that are not addressed allow risks to converge at critical points in the production cycle, overwhelming management capacity. This risk synchronization amplifies operational disruption beyond the impact of individual issues. Therefore, management should prioritize early risk identification and temporal distribution of corrective actions rather than reacting to problems only after they coincide."
